"Portugues,Ingles,Italiano,Espanhol,Alemao,Frances,Mandarim"
"Eu acordo a noite,I wake up at night,Mi sveglio di notte,Me despierto por la noche,Ich wache nachts auf,Je me reveille la nuit, ?????"
"This is classic.,Essa é clássica.,,,,,"
"And I have nothing to say,E não tenho nada a dizer"
"Stop! - I know, the music is good.,""Pare! - Eu sei, a música é boa."""
"Even old, it's sensational.,""Mesmo antiga, é sensacional."""
"Don't arrive late. - Okay.,Não chegue tarde. - Tá."
"Good luck with the selection.,Boa sorte na seleção."
"Don't be intimidated by the fact that I've always been on the first team. I will get it right.,Não se intimide por eu sempre ter sido do time principal. Vai dar certo."
"Sucker. - Hey!,Otário. - Ei!"
"Look at the mouth. - Main team sucker.,Olhe a boca. - Otário de time principal."
"Can you turn this crap off?,Dá para desligar essa porcaria?"
"My last warning.,Meu último aviso."
"That's not even a bad word.,Isso nem é palavrão."
"Crap"" is not a bad word.,""""""Porcaria"""" não é palavrão."""
"What's up, man? - Aren't you going to play, Adam?,""E aí, cara? - Não vai jogar, Adam?"""
"To play? - Parents against children.,Jogar? - Pais contra filhos."
"Parents against children? - Shit... Damn.,Pais contra filhos? - Merda... Droga."
"It went badly. I forgot it's parents against children.,Foi mal. Esqueci que são pais contra filhos."
"Okay.,Tá."
"Looks like we found our goalkeeper.,Parece que achamos nosso goleiro."
"A toast to those humiliated by children.,Um brinde aos humilhados pelas crianças."
"Speak for yourself. I played well.,Fale por você. Eu joguei bem."
"Oh no, here he comes with the flip chart.,""Ah, não, lá vem ele com o flip-chart."""
"Just wait for him to go through the list.,Espere só ele passar a lista."
"Last year it was laminated.,No ano passado era laminada."
"It's Corinne.,É a Corinne."
"Tell them I've traveled as a teacher. I know everything!,Diga que já viajei como professor. Sei de tudo!"
"Hey love. And the conference?,""Oi, amor. E a conferência?"""
"Wow, it's very tough.,""Nossa, é muito puxada."""
"I'm recovering,Estou me recuperando"
"after a hot shower and two glasses of wine.,depois de um banho quente e duas taças de vinho."
"I'm with the guys in the bars.,Estou com os caras pelos bares."
"Ryan enters with the Sambucas.,Ryan entra com as Sambucas."
"Where are they? In football? - Yes.,Onde estão? No futebol? - Sim."
"Did you know it was parents against children?,Você sabia que era pais contra filhos?"
"I warned you in the note.,Avisei no bilhete."
"What ticket? - The note on the fridge.,Que bilhete? - O bilhete na geladeira."
"What refrigerator?,Que geladeira?"
"Let me know when you know who his team will be?,Me avisa quando souber qual será o time dele?"
"Hopefully the main thing.,Tomara que o principal."
"Tom keeps picking on him, and Ryan swears...,""Tom fica pegando no pé dele, e o Ryan falando palavrões..."""
"Wow, I know. It's a nightmare.,""Nossa, eu sei. É um pesadelo."""
"That dirty little mouth. He takes after his mother.,Esse boquinha suja. Puxou à mãe dele."
"Oh no.,""Ah, não."""
"Bob's list.,A lista do Bob."
"You won't believe it.,Não vai acreditar."
"Bob's list...,A lista do Bob..."
"It has 26 items.,tem 26 itens."
"Wow, I'm devastated that I can't be there.,""Poxa, estou arrasada por não poder estar aí."""
"I know you are.,Sei que está."
"He did it on purpose.,Fez isso de propósito."
"I don't think there's even a conference. I'll ask the teachers.,Acho que nem tem conferência. Vou perguntar aos professores."
"In fact, I need to turn it off.,""Na verdade, preciso desligar."""
"I have dinner in half an hour.,Tenho um jantar em meia hora."
"Okay, love. Have fun.,""Tá, amor. Divirta-se."""
"Yes definitely. I aim.,""Sim, com certeza. Pretendo."""
"I love you.,Te amo."
"I love you. Goodbye. - Goodbye.,Te amo. Tchau. - Tchau."
"Did the woman leave you hanging?,A mulher te deixou na mão?"
"Yes, she traveled.,""Sim, ela viajou."""
"For work.,A trabalho."
"And you, will your son play?,""E você, seu filho vai jogar?"""
"No.,Não."
"I didn't need to be with her.,Não precisava ficar com ela."
"What?,Quê?"
"When Corinne said she was pregnant.,Quando Corinne disse que estava grávida."
"One moment. Do I know you?,Um momento. Eu te conheço?"
"2 years ago, didn't she say she got pregnant? That's why you stayed.,""Há 2 anos, ela não disse que engravidou? Por isso você ficou."""
"She said she was pregnant and lost the baby.,Ela disse que estava grávida e perdeu o bebê."
"Who are you? - She lied, Adam.,""Quem é você? - Ela mentiu, Adam."""
"She invented pregnancy.,Ela inventou a gravidez."
"Who are you? Why do you say that?,Quem é você? Por que diz isso?"
"And does it matter?,E isso importa?"
"Yes, it matters.,""Sim, importa."""
"Okay.,Tá."
"See me as a stranger. One who knows.,Veja-me como uma estranha. Uma que sabe."
"She had a belly. - It was fake.,Ela tinha barriga. - Era falsa."
"Remember the era. Have you ever seen her naked?,Lembre-se da época. Você a viu nua alguma vez?"
"Totally naked?,Totalmente nua?"
"It was a lie.,Era de mentira."
"The excuses for avoiding sex, the illnesses.,""As desculpas para evitar sexo, as doenças."""
"When you had the miscarriage, you realized that pregnancy had always been difficult.,""Quando teve o aborto, você percebeu que a gravidez sempre foi difícil."""
"I lost.,Eu perdi."
"How do you know her? Who the hell are you?,Como a conhece? Quem diabos é você?"
"Guys, get your beers. Let's get started.,""Pessoal, peguem suas cervejas. Vamos começar."""
"I'm just a friend who got you out of prison.,Sou só uma amiga que te libertou da prisão."
"How much nonsense.,Quanta bobagem."
"You should thank me. - And why?,Devia me agradecer. - E por quê?"
"Because now you know she's a liar.,Porque agora sabe que ela é mentirosa."
"She faked everything.,Ela fingiu tudo."
"Adam? - Yes?,Adam? - Sim?"
"If you need proof, look at your card,""Se precisar de provas, veja seu cartão"""
"and look for a charge from Novelty Funsy.,e procure uma cobrança da Novelty Funsy."
"And one more thing:,E mais uma coisa:"
"If I were you,,""Se eu fosse você,"""
"would do DNA testing for his two children.,faria teste de DNA pros seus dois filhos."
"Hey. Wait.,Ei. Espere."
"Stop!,Pare!"
"Who are you?,Quem é você?"
"Corinne.,Corinne."
"I lost.,Eu perdi."
"I lost the baby.,Perdi o bebê."
"Sorry I'm not here.,Desculpe não estar aqui."
"I love you so much.,Eu te amo tanto."
"It's Corinne. Leave your message.,É a Corinne. Deixe seu recado."
"Hi, it's me.,""Oi, sou eu."""
"Leave it there.,Deixa pra lá."
"Joined the main team. - Good result.,Entrou pro time principal. - Bom resultado."
"For sure.,Com certeza."
"Yes, minus Jimmy Hoch joining the first team.,""Sim, menos Jimmy Hoch entrando pro time principal."""
"How can this be?,Como pode isso?"
"Well... - What happened?,Bom... - Que foi?"
"You know me, I'm not one for gossip.,""Você me conhece, não sou de fofocas."""
"Bob lost his job.,Bob perdeu o emprego."
"When?,Quando?"
"It's been six weeks. He doesn't want anyone to know.,Faz seis semanas. Ele não quer que ninguém saiba."
"There is a recruiter helping you find a job.,Tem um recrutador ajudando-o a achar emprego."
"A very successful recruiter.,Um recrutador muito bem-sucedido."
"Stephen Hoch.,Stephen Hoch."
"Jimmy's father? You're kidding. How absurd.,O pai do Jimmy? Está brincando. Que absurdo."
"For, you are a lawyer.,""Para, você é advogado."""
"This always happens.,Isso sempre acontece."
"When it comes to ourselves and our children,,""Quando o assunto somos nós mesmos e nossos filhos,"""
"we are all corrupt.,somos todos corruptos."
"We'll see you tomorrow.,A gente se vê amanhã."
"Ryan.,Ryan."
"PARENTS VS CHILDREN GAME THIS SATURDAY,JOGO PAIS CONTRA FILHOS NESTE SÁBADO"
"SCAM. FALSE PREGNANCY,GOLPE. GRAVIDEZ FALSA"
"CHILD HEALTH RECORD,REGISTRO DE SAÚDE DA CRIANÇA"
"CEDARFIELD HOSPITAL,HOSPITAL DE CEDARFIELD"
"IMAGE RESULTS,RESULTADO DE IMAGENS"
"ITEMS FOR COSTUMES AND FUN,ARTIGOS PARA FANTASIAS E DIVERSÃO"
"ONLINE BANKING,BANCO ON-LINE"
"MY ACCOUNT,MINHA CONTA"
"JOINT ACCOUNT,CONTA CONJUNTA"
"SEARCH TRANSACTION,BUSCAR TRANSAÇÃO"
"JANUARY 15, 2017 VALUE: 387.99,""15 DE JANEIRO DE 2017 VALOR: 387,99"""
"What the fuck...,Que porra..."
"She invented pregnancy.,Ela inventou a gravidez."
"Now you know she's a liar.,Agora sabe que ela é mentirosa."
"So that we can better help,,""Para podermos ajudar melhor,"""
"Briefly state the reason for your call.,diga em poucas palavras o motivo de sua ligação."
"Credit card transactions.,Transações de cartão de crédito."
"Sorry. Could you repeat?,Desculpe. Poderia repetir?"
"Card transactions.,Transações com cartão."
"- Could you repeat it? - Talk to a fucking human!,""- Poderia repetir? - Falar com um humano, porra!"""
"Please wait a moment while we transfer to an attendant.,Aguarde um momento enquanto transferimos para um atendente."
"Hello, my name is Peter. How can I help?,""Olá, me chamo Peter. Como posso ajudar?"""
"There's a charge on my account that I don't recognize from a while ago.,""Tem uma cobrança na minha conta que não reconheço, de um tempo atrás."""
"I think it was a mistake.,Acho que foi erro."
"- Name of the company? - Novelty Funsy.,- Nome da empresa? - Novelty Funsy."
"Could you spell Funsy?,Poderia soletrar Funsy?"
"F-u-n-s-y.,F-u-n-s-y."
"And the date of the transaction?,E a data da transação?"
"Fifteen...,Quinze..."
"of January.,de janeiro."
"On January 15, 2017.,Em 15 de janeiro de 2017."
"There are companies that do not use their real name.,Há empresas que não usam o nome verdadeiro."
"Question of discretion.,Questão de discrição."
"Discretion?,Discrição?"
"Like in hotels, with porn movies and things like that.,""Como em hotéis, com filmes pornôs e coisas do tipo."""
"And what is it? - It is an online store,,""E o que é? - É uma loja on-line,"""
"I would have to check better,eu teria que verificar melhor"
"if you are sure you didn't buy this.,se tiver certeza de que não comprou isso."
"Yes I have.,""Sim, eu tenho."""
"Let's check. Can we return to this number?,Vamos verificar. Podemos retornar neste número?"
"Yes, thank you. - Goodnight.,""Sim, obrigado. - Boa noite."""
"Father?,Pai?"
"Can Daisy stay? - I sleep in the guest room.,Daisy pode ficar? - Durmo no quarto de hóspedes."
"Did you ask your mother?,Pediu à sua mãe?"
"Yes, she left.,""Sim, ela deixou."""
"Okay.,Tá."
"And Ryan?,E o Ryan?"
"Joined the main team.,Entrou pro time principal."
"Brother of their star player. It was inevitable.,Irmão do craque deles. Era inevitável."
"VIDEO MESSAGE,MENSAGEM DE VÍDEO"
"Ryan sent me a message talking about the incredible goalkeeper.,Ryan me mandou mensagem falando do goleiro incrível."
"Daisy.,Daisy."
"I just... - I know.,Eu só... - Eu sei."
"We're leaving...,Nós vamos embora..."
"Different universities.,Universidades diferentes."
"I just...,Eu só..."
"I don't want something serious. - It won't be.,Não quero algo sério. - Não vai ser."
"I promise.,Eu prometo."
"We're just staying.,Estamos só ficando."
"No commitment.,Sem compromisso."
"It will be a very casual kiss.,Vai ser um beijo muito casual."
"What?,Quê?"
"Hey! - Why didn't you send a message?,Ei! - Por que não mandou mensagem?"
"I prefer this. The old fashioned way.,Prefiro isto. À moda antiga."
"Two minutes.,Dois minutos."
"Turn sideways.,Vire de lado."
"Phillip?,Phillip?"
"Then...,Então..."
"He guesses? I finally told him.,Adivinha? Finalmente contei a ele."
"Our! How it was?,Nossa! Como foi?"
"To my surprise, mature.,""Para minha surpresa, maduro."""
"Serious? - So it is.,- Sério? - Pois é."
"What did you say?,O que você disse?"
"Sit down!,Sentem-se!"
"Just the truth. I said...,Só a verdade. Eu disse que..."
"Come, sit down!,""Venham, sentem-se!"""
"No, sit down!,""Não, sentem-se!"""
"I said we spent 26 years together.,Eu disse que passamos 26 anos juntos."
"Many of them happy. It wasn't a failure. It worked out.,Muitos deles felizes. Não foi um fracasso. Deu certo."
"But...,Mas..."
"WES CALLING,WES LIGANDO"
"But now it's time for change.,Mas agora é hora de mudanças."
"I tried an analogy of a new house,,""Tentei uma analogia de uma casa nova,"""
"but it was all a bit confusing.,mas ficou tudo meio confuso."
"Was he upset?,Ele ficou chateado?"
"It's Phil. Hard to say. He slept in the guest room,,""É o Phil. Difícil dizer. Ele dormiu no quarto de hóspedes,"""
"but I think that was more symbolic.,mas acho que aquilo foi mais simbólico."
"Our.,Nossa."
"Jesus!,Jesus!"
"Sorry, the kid keeps calling me. I'll see what it is.,""Desculpe, a criança fica me ligando. Vou ver o que é."""
"Will I call you later? - Okay.,- Te ligo depois? - Tá."
"What it was?,O que foi?"
"What it was?,O que foi?"
"I'll tell you what it was. Some weird shit.,Vou dizer o que foi. Uma merda esquisita."
"What are you doing?,O que está fazendo?"
"Investigating crime, very brutal. LOL."",""""""Investigando crime, muito brutal. LOL."""""""
"You're showing your age, Jo. - It's Johanna. How many times will I repeat?,""Está mostrando sua idade, Jo. - É Johanna. Quantas vezes vou repetir?"""
"I thought you liked older people.,Achei que você curtisse pessoas mais velhas."
"He's not that old. It's not your age.,Ele não é tão velho. Não tem sua idade."
"Was your new boyfriend not old enough to be your father?,Seu novo namorado não tinha idade para ser seu pai?"
"In theory, yes, but you're old enough to be my mother.,""Em tese, sim, mas você tem idade para ser minha mãe."""
"And even my grandmother.,E até mesmo minha avó."
"Where's the body?,Cadê o corpo?"
"Don't even think about it.,Nem pense nisso."
"Don't you turn your head?,Não viram a cabeça?"
"No. It's just that on the floor.,Não. É só isso aí no chão."
"It gives me goosebumps.,Me dá arrepios."
"What is that?,O que é isso?"
"Is it a sheep?,É uma ovelha?"
"No, the neck is too long. - Giraffe?,""Não, o pescoço é muito longo. - Girafa?"""
"Joke.,Brincadeira."
"Very small.,Muito pequeno."
"It's a kick, but it could be a llama.,""É chute, mas pode ser lhama."""
"Alpaca.,Alpaca."
"What's that on your leg?,O que é aquilo na perna?"
"Bite marks?,Marcas de mordida?"
"You can't look any further.,Não dá para olhar mais."
"Bites.,Mordidas."
"And, given the size and design of the bite...,""E, pelo tamanho e desenho da mordida..."""
"there's a good chance they're human.,há uma boa chance de serem humanas."
"Hello.,Olá."
"Hi... - We're from...,Oi... - Somos do..."
"My name is...,Meu nome é..."
"Johanna Griffin of the police,""Johanna Griffin, da polícia,"""
"and Wesley Ross. Don't worry.,e Wesley Ross. Não se preocupe."
"We're investigating an incident about a mile away,,""Estamos investigando um incidente a cerca de 1,5 km daqui,"""
"with an animal.,com um animal."
"It appears to be a white alpaca.,Parece ser uma alpaca branca."
"Do you think it's mine?,Acham que é minha?"
"That's what it indicates. They are not very common...,É o que indica. Elas não são muito comuns..."
"Let's see.,Vamos ver."
"Gary,,""Gary,"""
"Jason, Howard,,""Jason, Howard,"""
"Mark, Robbie.,""Mark, Robbie."""
"They're all there.,Estão todos aí."
"Liam, Niall...,""Liam, Niall..."""
"Harry,,""Harry,"""
"Zayn...,Zayn..."
"Louis.,Louis."
"It's Louis.,É o Louis."
"What there was? He died?,O que houve? Morreu?"
"I'm afraid so. I am really sorry.,Receio que sim. Sinto muito."
"And he was...,E ele foi..."
"decapitated.,decapitado."
"Decapitated?,Decapitado?"
"Do you have closed circuit TV? Some...,Tem circuito interno de TV? Alguma..."
"security camera?,câmera de segurança?"
"It's an alpaca farm, not ""Port"" Knox.,""É uma fazenda de alpacas, e não """"Port"""" Knox."""
"Drug.,Droga."
"It's ""Fort"" Knox.,""É """"Fort"""" Knox."""
"It's where Americans keep their gold. - I know.,É onde os americanos guardam seu ouro. - Eu sei."
"Serious?,Sério?"
"No, I thought of Alcatraz.,""Não, eu pensei em Alcatraz."""
"Hi, Mr Price.,""Oi, seu Price."""
"Mike. When did it arrive?,Mike. Quando chegou?"
"Kind of earlier.,Meio que mais cedo."
"I didn't hear you.,Não ouvi você."
"Okay.,Tá."
"No!,Não!"
"Is Tom upstairs?,Tom está lá em cima?"
"In the bath.,No banho."
"And there? - You have three.,E aí? - Você tem três."
"Give me the pancake.,Me dê a panqueca."
"I still want it.,Eu ainda quero."
"Hello. - How disgusting.,Olá. - Que nojo."
"It's Martin.,É o Martin."
"That Parth appeared.,Aquele Parth apareceu."
"Shit.,Merda."
"I am going.,Estou indo."
"Hi, friend. - Mike?,""Oi, amigão. - Mike?"""
"Come now.,Venha agora."
"Hello?,Olá?"
"In here.,Aqui dentro."
"Where is he?,Cadê ele?"
"He's safe.,Ele está seguro."
"Martin. - Hello?,Martin. - Olá?"
"Is there anyone there?,Tem alguém aí?"
"It's down there.,Está lá embaixo."
"In the basement? - Yes.,No porão? - Sim."
"It's not The Silence of the Lambs.,Não é O Silêncio dos Inocentes."
"Okay.,Tá."
"Look, I have to tell you that this is...,""Olha, tenho que te dizer que isso é..."""
"He's crazy. - kidnapping.,Ele é um louco. - sequestro."
"He's a freak! - Nonsense.,Ele é um pirado! - Bobagem."
"You kind of forcibly trapped him.,Você meio que o prendeu à força."
"I was a cop for 30 years, Adam. I know what kidnapping is.,""Fui policial por 30 anos, Adam. Eu sei o que é sequestro."""
"The door closed by itself. - Let go of me!,A porta fechou sozinha. - Me solte!"
"Okay.,Tá."
"I can't breathe!,Não consigo respirar!"
"Can I...?,Posso...?"
"Feel free.,Fique à vontade."
"Remember which side you are on.,Lembre-se de que lado você está."
"He is well!,Está bem!"
"What the hell is that? I stayed there for almost an hour.,Que porra é essa? Fiquei lá quase uma hora."
"It was 23 minutes.,Foram 23 minutos."
"You crazy. He's crazy. - Calm down.,Seu louco. Ele é louco. - Calma."
"Calm? I'll call the police.,Calma? Vou ligar pra polícia."
"The phone. - It's not with me.,O telefone. - Não está comigo."
"He stole my phone! - Give the phone.,Ele roubou meu telefone! - Dê o telefone."
"He is an elderly man. - Screw this.,Ele é um idoso. - Foda-se."
"And yes. And he doesn't want to move.,""É, sim. E ele não quer se mudar."""
"It doesn't want to sell, nor does it want its renewal program.,""Não quer vender, nem quer seu programa de renovação."""
"And he doesn't really like it when you show up by surprise,E não gosta muito que você apareça de surpresa"
"with a giant checkbook.,com um talão gigante de cheques."
"We appealed and respected the deadline, now we have to wait for due process.,""Recorremos e respeitamos o prazo, agora é esperar o devido processo."""
"And due process can be very slow.,E o devido processo pode ser muito lento."
"Does anyone accept tea?,Alguém aceita chá?"
"Okay, you're his lawyer. How much does he want?,""Certo, você é o advogado dele. Quanto ele quer?"""
"A billion pounds.,Um bilhão de libras."
"I shouldn't say, but I was authorized to offer up to 400 thousand.,""Eu não deveria dizer, mas me autorizaram a oferecer até 400 mil."""
"And I was allowed to refuse any offer.,E eu fui autorizado a recusar qualquer oferta."
"This old idiot isn't going to win.,Esse velho idiota não vai ganhar."
"And these tricks...,E esses truques..."
"AND...,É..."
"laugh, asshole.,""ria, babaca."""
"We both know that everyone has a price.,Nós dois sabemos que todos têm um preço."
"Do they really have? - Yes.,Têm mesmo? - Sim."
"And believe me:,E acredite:"
"In the end, the biggest always wins.,""No final, o maior sempre vence."""
"Skinny asshole.,Magrelo babaca."
"Behave yourself.,Comporte-se."
"Does she sleep with the alpacas? - No.,Será que ela dorme com as alpacas? - Não."
"Sex, no. Just cuddles.,""Sexo, não. Só afagos."""
"Maybe once in a while on a winter night.,Talvez de vez em quando numa noite de inverno."
"There was a guy who slept with an Irish setter,,""Tinha um cara que dormia com um setter irlandês,"""
"with a sheet, with his head on the pillow.,""de lençol, com a cabeça no travesseiro."""
"And I asked if... Stop!,E eu perguntei se... Pare!"
"What? What it was?,O quê? O que foi?"
"Go back, reverse.,""Volte, dê ré."""
"What it was?,O que foi?"
"Wes, where are we going?,""Wes, aonde vamos?"""
"Okay.,Tá."
"There's more.,Tem mais."
"Damn, how bizarre.,""Caramba, que bizarro."""
"There's a shoe.,Tem um sapato."
"There's something wrong here.,Tem algo errado aqui."
"Wess?,Wes?"
"Hey.,Oi."
"Foot prints, not sneakers.,""Pegadas de pés, e não tênis."""
"Johanna!,Johanna!"
"Johanna!,Johanna!"
"Shit.,Merda."
"Here!,Aqui!"
"Call an ambulance and ask for backup!,Chame uma ambulância e peça reforço!"
"Shit.,Merda."
"Detective Ross, I need backup and an ambulance now.,""Detetive Ross, preciso de reforços e de uma ambulância agora."""
"He's alive!,Ele está vivo!"
"Hello?,Alô?"
"Hello. Mr Price?,Olá. Senhor Price?"
"It is me.,Sou eu."
"This is Hashim from Derwent Bank.,""Aqui é Hashim, do Derwent Bank."""
"Yesterday you requested,Ontem o senhor solicitou"
"the identification of a company whose name appeared as... Novelty Funsy.,a identificação de uma empresa cujo nome aparecia como... Novelty Funsy."
"That's right.,Isso mesmo."
"Well, I don't think we'll be able to identify the nature of the transaction.,""Bem, acho que não poderemos identificar a natureza da transação."""
"It appears to be a general name for various types of websites.,Parece ser um nome geral para vários tipos de sites."
"Okay.,Tá."
"All good.,Tudo bem."
"I can send you a list of provider addresses,,""Posso enviar uma lista de endereços de provedores,"""
"but I can't know which, perhaps,,""mas não consigo saber qual, talvez,"""
"was the place of purchase.,tenha sido o local da compra."
"Can I send it to the email we have registered?,Mando para o e-mail que temos cadastrado?"
"Yes of course.,""Sim, claro."""
"I'll send it now. - Please.,- Enviarei agora. - Por favor."
"Thanks.,Obrigado."
"Sorry.,Desculpe."
"Work.,Trabalho."
"Did you come back early?,Voltou cedo?"
"Yes. Lunch was cancelled.,Sim. O almoço foi cancelado."
"Thank God.,Graças a Deus."
"Hey, you made the main team!,""Ei, entrou pro time principal!"""
"Come here. Give me a hug.,Venha cá. Me dê um abraço."
"Mother! - Oh, stop.,""Mãe! - Ah, para."""
"None of your friends are watching.,Nenhum amigo seu está vendo."
"And the conference? Did Selena behave?,E a conferência? Selena se comportou?"
"Serena was extremely professional,,""Serena foi extremamente profissional,"""
"to the point where he ran out to vomit.,até o ponto em que saiu correndo para vomitar."
"Coffee?,Café?"
"Yes, I do. - Tell me everything about the game.,""Sim, eu faço. - Me conte tudo sobre o jogo."""
"Corinne?,Corinne?"
"Hi. Is Daisy still here?,Oi. Daisy ainda está aqui?"
"Oh, that's right. She slept here.,""Ah, é mesmo. Ela dormiu aqui."""
"I need her to take care of Ella.,Preciso que ela cuide da Ella."
"She was going to play hockey, but out of nowhere...,""Ela ia jogar hóquei, mas do nada..."""
"It wasn't out of the blue.,Não foi do nada."
"He is well.,Está bem."
"She has colic.,Ela está com cólicas."
"He doesn't feel well, he doesn't want to play.,""Não se sente bem, não quer jogar."""
"But I have training. The triathlon is in three weeks.,Mas tenho treino. O triatlo é em três semanas."
"Just go!,É só ir!"
"I go.,Eu vou."
"You are sick, you need someone.,""Você está doente, precisa de alguém."""
"All good. She stays here for an hour.,Tudo bem. Ela fica aqui uma hora."
"Thanks.,Obrigada."
"I don't know what's wrong with her.,Não sei o que há com ela."
"She looks depressed.,Ela parece deprimida."
"He doesn't want to go to school or play sports.,Não quer ir à escola nem praticar esportes."
"She invented the stomachache. - It's the phase. Do you want me to talk to her?,Ela inventou a dor de barriga. - É a fase. Quer que eu fale com ela?"
"Well, you can try.,""Bem, pode tentar."""
"I think it could be worse. Did you hear about Dante?,Acho que poderia ser pior. Soube do Dante?"
"No. What was it?,Não. O que foi?"
"He didn't come home yesterday. His mother is very distressed.,Não voltou para casa ontem. A mãe dele está muito aflita."
"Who will want to have children?,Quem vai querer ter filhos?"
"Until later.,Até mais tarde."
"Okay. Goodbye.,Tá. Tchau."
"DERWENT BANK SERVICE,ATENDIMENTO DERWENT BANK"
"AS REQUESTED, A LIST OF IP ADDRESSES,""COMO SOLICITADO, UMA LISTA DE ENDEREÇOS DE IP"""
"FROM THE COMPANY NAME FANTASIA NOVELTY FUNSY,DA EMPRESA DE NOME FANTASIA NOVELTY FUNSY"
"FAKE MARRIAGE,CASAMENTO FALSO"
"FAKE INJURY,FERIMENTO FALSO"
"FALSE PREGNANCY,GRAVIDEZ FALSA"
"PRODUCTS,PRODUTOS"
"FAKE PREGNANCY TEST,TESTE FALSO DE GRAVIDEZ"
"MORE PRODUCTS...,MAIS PRODUTOS..."
"SILICONE BELLIES,BARRIGAS DE SILICONE"
"REVIEWS,AVALIAÇÕES"
"I hired a surrogate. I didn't want anyone to know.,Contratei uma barriga de aluguel. Não queria que ninguém soubesse."
"I used ""fakepregnancy.co.uk"",""Usei o """"fakepregnancy.co.uk"""""""
"to pretend I was going through a normal pregnancy.,para fingir que estava passando por uma gravidez normal."
"Nobody suspected.,Ninguém desconfiou."
"PRODUCTS,PRODUTOS"
"FAKE 3D PHOTOS AND ULTRASOUND,FOTOS 3D E ULTRASSOM FALSOS"
"I'm sorry I wasn't there.,Me desculpe por não estar lá."
"You were there when it mattered.,Você estava quando foi preciso."
"FAKE 2D ULTRASOUND,ULTRASSOM 2D FALSO"
"FAKE 3D ULTRASOUND,ULTRASSOM 3D FALSO"
"I lost.,Eu perdi."
"I lost the baby.,Perdi o bebê."
"two, three, four...,""dois, três, quatro..."""
"I'm showing him what a teacher gets up to outside of school.,Estou mostrando a ele o que um professor apronta fora da escola."
"We can talk? - What?,Podemos conversar? - Quê?"
"In the garden.,No jardim."
"Okay.,Tá."
"What there was?,O que houve?"
"Did you fake the pregnancy?,Você fingiu a gravidez?"
"What are you talking about? - Shall we skip this part?,Do que está falando? - Vamos pular essa parte?"
"What? - You pretending not to know anything.,Quê? - Você fingindo não saber de nada."
"Let's skip the denials.,Vamos pular as negações."
"I know you faked your pregnancy.,Sei que você fingiu sua gravidez."
"And why are you asking?,E por que está perguntando?"
"And the boys?,E os meninos?"
"The boys? - Are they mine?,Os meninos? - São meus?"
"Have you gone crazy?,Você ficou louco?"
"You faked a pregnancy. What else are you capable of?,Você fingiu uma gravidez. Do que mais é capaz?"
"Are they mine?,Eles são meus?"
"Yes! My God, Adam.,""Sim! Meu Deus, Adam."""
"Look at Tom's face. It's his eyes, his hair.,""Olhe pro rosto do Tom. São seus olhos, seu cabelo."""
"How can you ask me that?,Como pode me perguntar isso?"
"Then...,Então..."
"talk to me.,fale comigo."
"Why do you think I faked a pregnancy?,Por que acha que fingi uma gravidez?"
"The credit card.,O cartão de crédito."
"Novelty Funsy.,Novelty Funsy."
"It's a fancy name for a fake pregnancy website.,É um nome fantasia para um site falso de gravidez."
"How do you know this was for me? - He was?,Como sabe que isso foi para mim? - Foi?"
"Why did you look at the bank statements...,Por que olhou os extratos bancários..."
"It's messing up.,Está enrolando."
"Corinne...,Corinne..."
"you lied to me.,você mentiu para mim."
"He lied to the boys.,Mentiu pros meninos."
"Better start talking now.,É melhor começar a falar agora."
"Corinne.,Corinne."
"Remember when I had two hours to spare for lunch?,Lembra quando eu tinha duas horas de folga no almoço?"
"So what?,E daí?"
"I would leave school for a few hours.,Eu saía da escola por algumas horas."
"I was going to the Portis Books cafe.,Ia pro café da Portis Books."
"I drank tea, sat in the corner to read,,""Tomava um chá, sentava no canto para ler,"""
"and after a while, Adam, you become an acquaintance.,""e, depois de um tempo, Adam, você vira um conhecido."""
"Same people there, as a community.,""As mesmas pessoas lá, como uma comunidade."""
"AND? - There was a woman.,E? - Tinha uma mulher."
"Suzanne Hope.,Suzanne Hope."
"I was eight months pregnant. It was her first baby.,Estava grávida de oito meses. Era o primeiro bebê dela."
"Do you know what young, happy pregnant women are like?,""Sabe como são as gestantes jovens, alegres,"""
"as if they were the first person to get pregnant...,como se fossem a primeira pessoa a engravidar..."
"Good story. Can we get back to the topic?,Boa história. Podemos voltar ao assunto?"
"Can you stop being sarcasm, Adam?,""Pode deixar de sarcasmo, Adam?"""
"I'm trying to count. - Tell me.,Estou tentando contar. - Conte."
"I liked her.,Eu gostava dela."
"We became friends.,Viramos amigas."
"And one day she stopped coming.,E um dia ela parou de vir."
"I assumed she had had the baby.,Presumi que ela tinha tido o bebê."
"The birth was very late,,""O parto estava muito atrasado,"""
"and she didn't respond to my messages.,e ela não respondia minhas mensagens."
"Adam, listen. She refused my calls...,""Adam, escute. Ela recusou minhas ligações..."""
"So what? - A few months later,,""E daí? - Poucos meses depois,"""
"I saw her at the Starbucks near the library, and she was pregnant.,""eu a vi na Starbucks perto da biblioteca, e ela estava grávida."""
"Okay.,Tá."
"Very pregnant, Adam. About eight months.,""Muito grávida, Adam. Uns oito meses."""
"AND?,E?"
"It didn't make sense.,Não fazia sentido."
"I stood there watching her.,Fiquei parada observando-a."
"And she was with a group of other women,E ela estava com um grupo de outras mulheres"
"being the center of attention, talking about baby names.,""sendo o centro das atenções, falando sobre nomes de bebês."""
"And when she saw me, she was completely scared.,""E, quando ela me viu, ficou totalmente assustada."""
"Did you say something to her?,Disse algo para ela?"
"Yes.,Sim."
"She said she had a stillbirth. I don't know if it was true...,Ela falou que teve um natimorto. Não sei se era verdade..."
"Corinne, what are you talking about?,""Corinne, do que está falando?"""
"Please, Adam.,""Por favor, Adam."""
"She loved being pregnant. It made her feel special.,Ela adorava estar grávida. Fazia ela se sentir especial."
"And she faked the pregnancy?,E ela fingiu a gravidez?"
"How crazy.,Que loucura."
"No, Corinne, this is not normal behavior.,""Não, Corinne, isso não é um comportamento normal."""
"She said her husband didn't care about her...,Ela disse que o marido não ligava para ela..."
"But so what? You have me and our children!,Mas e daí? Você tem a mim e nossos filhos!"
"What?,O quê?"
"You saw this crazy fuckup and thought, ""I'm going to invent a baby."",""Você viu essa maluca ferrada e pensou: """"Vou inventar um bebê."""""""
"Why would you do that?,Por que faria isso?"
"Why invent a baby, Corinne?,""Por que inventar um bebê, Corinne?"""
"For attention? Is it an unhealthy midlife crisis?,Por atenção? É uma crise doentia de meia-idade?"
"Stop. - I'll stop.,Pare. - Eu paro."
"But tell everything from beginning to end...,Mas conte tudo do começo ao fim..."
"No. - What?,Não. - Quê?"
"I said no.,Eu disse que não."
"It won't come out like this. - What are you going to do? Arrest me?,Não vai sair assim. - Vai fazer o quê? Me prender?"
"You owe me explanations.,Você me deve explicações."
"I need time.,Preciso de tempo."
"Speak Now!,Fale agora!"
"What are you going to do, Adam? Beat me up?,""Vai fazer o que, Adam? Me dar uma surra?"""
"How did you find out? - A strange woman I've never seen.,Como descobriu? - Uma mulher estranha que nunca vi."
"She told me... - What woman?,Ela me disse... - Que mulher?"
"I already said I don't know her.,Já disse que não a conheço."
"How does she know this?,Como ela sabe disso?"
"And you just believed her?,E você simplesmente acreditou nela?"
"I just need you,Só preciso que você"
"tell me the truth.,me diga a verdade."
"And I will.,E eu vou."
"I promise, but no...,""Eu prometo, mas não..."""
"Not like that. Not now. -Corinne?,Não assim. Não agora. - Corinne?"
"How crazy. Corinne?,Que loucura. Corinne?"
"Adam...,Adam..."
"It's not what you think.,não é o que você pensa."
"Okay.,Tá."
"What there was?,O que houve?"
"Did you fake the pregnancy?,Você fingiu a gravidez?"
"What are you talking about? - Shall we skip this part?,Do que está falando? - Vamos pular essa parte?"
"What? - You pretending not to know anything.,Quê? - Você fingindo não saber de nada."
"Let's skip the denials.,Vamos pular as negações."
"I know you faked your pregnancy.,Sei que você fingiu sua gravidez."
"And why are you asking?,E por que está perguntando?"
"And the boys?,E os meninos?"
"The boys? - Are they mine?,Os meninos? - São meus?"
"Have you gone crazy?,Você ficou louco?"
"You faked a pregnancy. What else are you capable of?,Você fingiu uma gravidez. Do que mais é capaz?"
"Are they mine?,Eles são meus?"
"Yes! My God, Adam.,""Sim! Meu Deus, Adam."""
"Look at Tom's face. It's his eyes, his hair.,""Olhe pro rosto do Tom. São seus olhos, seu cabelo."""
"How can you ask me that?,Como pode me perguntar isso?"
"Then...,Então..."
"talk to me.,fale comigo."
"Why do you think I faked a pregnancy?,Por que acha que fingi uma gravidez?"
"The credit card.,O cartão de crédito."
"Novelty Funsy.,Novelty Funsy."
"It's a fancy name for a fake pregnancy website.,É um nome fantasia para um site falso de gravidez."
"How do you know this was for me? - He was?,Como sabe que isso foi para mim? - Foi?"
"Why did you look at the bank statements...,Por que olhou os extratos bancários..."
"It's messing up.,Está enrolando."
"Corinne...,Corinne..."
"you lied to me.,você mentiu para mim."
"He lied to the boys.,Mentiu pros meninos."
"Better start talking now.,É melhor começar a falar agora."
"Corinne.,Corinne."
"Remember when I had two hours to spare for lunch?,Lembra quando eu tinha duas horas de folga no almoço?"
"So what?,E daí?"
"I would leave school for a few hours.,Eu saía da escola por algumas horas."
"I was going to the Portis Books cafe.,Ia pro café da Portis Books."
"I drank tea, sat in the corner to read,,""Tomava um chá, sentava no canto para ler,"""
"and after a while, Adam, you become an acquaintance.,""e, depois de um tempo, Adam, você vira um conhecido."""
"Same people there, as a community.,""As mesmas pessoas lá, como uma comunidade."""
"AND? - There was a woman.,E? - Tinha uma mulher."
"Suzanne Hope.,Suzanne Hope."
"I was eight months pregnant. It was her first baby.,Estava grávida de oito meses. Era o primeiro bebê dela."
"Do you know what young, happy pregnant women are like?,""Sabe como são as gestantes jovens, alegres,"""
"as if they were the first person to get pregnant...,como se fossem a primeira pessoa a engravidar..."
"Good story. Can we get back to the topic?,Boa história. Podemos voltar ao assunto?"
"Can you stop being sarcasm, Adam?,""Pode deixar de sarcasmo, Adam?"""
"I'm trying to count. - Tell me.,Estou tentando contar. - Conte."
"I liked her.,Eu gostava dela."
"We became friends.,Viramos amigas."
"And one day she stopped coming.,E um dia ela parou de vir."
"I assumed she had had the baby.,Presumi que ela tinha tido o bebê."
"The birth was very late,,""O parto estava muito atrasado,"""
"and she didn't respond to my messages.,e ela não respondia minhas mensagens."
"Adam, listen. She refused my calls...,""Adam, escute. Ela recusou minhas ligações..."""
"So what? - A few months later,,""E daí? - Poucos meses depois,"""
"I saw her at the Starbucks near the library, and she was pregnant.,""eu a vi na Starbucks perto da biblioteca, e ela estava grávida."""
"Okay.,Tá."
"Very pregnant, Adam. About eight months.,""Muito grávida, Adam. Uns oito meses."""
"AND?,E?"
"It didn't make sense.,Não fazia sentido."
"I stood there watching her.,Fiquei parada observando-a."
"And she was with a group of other women,E ela estava com um grupo de outras mulheres"
"being the center of attention, talking about baby names.,""sendo o centro das atenções, falando sobre nomes de bebês."""
"And when she saw me, she was completely scared.,""E, quando ela me viu, ficou totalmente assustada."""
"Did you say something to her?,Disse algo para ela?"
"Yes.,Sim."
"She said she had a stillbirth. I don't know if it was true...,Ela falou que teve um natimorto. Não sei se era verdade..."
"Corinne, what are you talking about?,""Corinne, do que está falando?"""
"Please, Adam.,""Por favor, Adam."""
"She loved being pregnant. It made her feel special.,Ela adorava estar grávida. Fazia ela se sentir especial."
"And she faked the pregnancy?,E ela fingiu a gravidez?"
"How crazy.,Que loucura."
"No, Corinne, this is not normal behavior.,""Não, Corinne, isso não é um comportamento normal."""
"She said her husband didn't care about her...,Ela disse que o marido não ligava para ela..."
"But so what? You have me and our children!,Mas e daí? Você tem a mim e nossos filhos!"
"What?,O quê?"
"You saw this crazy fuckup and thought, ""I'm going to invent a baby."",""Você viu essa maluca ferrada e pensou: """"Vou inventar um bebê."""""""
"Why would you do that?,Por que faria isso?"
"Why invent a baby, Corinne?,""Por que inventar um bebê, Corinne?"""
"For attention? Is it an unhealthy midlife crisis?,Por atenção? É uma crise doentia de meia-idade?"
"Stop. - I'll stop.,Pare. - Eu paro."
"But tell everything from beginning to end...,Mas conte tudo do começo ao fim..."
"No. - What?,Não. - Quê?"
"I said no.,Eu disse que não."
"It won't come out like this. - What are you going to do? Arrest me?,Não vai sair assim. - Vai fazer o quê? Me prender?"
"You owe me explanations.,Você me deve explicações."
"I need time.,Preciso de tempo."
"Speak Now!,Fale agora!"
"What are you going to do, Adam? Beat me up?,""Vai fazer o que, Adam? Me dar uma surra?"""
"How did you find out? - A strange woman I've never seen.,Como descobriu? - Uma mulher estranha que nunca vi."
"She told me... - What woman?,Ela me disse... - Que mulher?"
"I already said I don't know her.,Já disse que não a conheço."
"How does she know this?,Como ela sabe disso?"
"And you just believed her?,E você simplesmente acreditou nela?"
"I just need you,Só preciso que você"
"tell me the truth.,me diga a verdade."
"And I will.,E eu vou."
"I promise, but no...,""Eu prometo, mas não..."""
"Not like that. Not now. -Corinne?,Não assim. Não agora. - Corinne?"
"How crazy. Corinne?,Que loucura. Corinne?"
"Adam...,Adam..."
"It's not what you think.,não é o que você pensa."
"It's something bigger than that.,É algo maior que isso."
"So tell me.,Então me conte."
"Mother?,Mãe?"
"Everything is fine? - All good.,Está tudo bem? - Tudo bem."
"What are they saying?,O que estão dizendo?"
"Still not reacting.,Ainda sem reagir."
"There is evidence of moderate brain damage.,Há indícios de lesão cerebral moderada."
"It could have hit a tree or something else.,Pode ter batido em uma árvore ou outra coisa."
"They think he was there for hours.,Acham que ele ficou lá por horas."
"Hours?,Horas?"
"What it was? - Do you think he jumped?,Que foi? - Acha que ele pulou?"
"Why?,Por quê?"
"We walked through the trees dressed. It's hard to get through.,Passamos pelas árvores vestidos. É difícil de passar."
"You don't run all out there and fall.,Não se corre com tudo por ali e cai."
"You slowly cross over and think, ""Wow, what a drop."",""Você vai atravessando devagar e pensa: """"Uau, que queda."""""""
"But if it were dark... - I would go slower.,Mas se estivesse escuro... - Iria mais devagar."
"Even more so with the dick out.,Ainda mais com o pau de fora."
"You can trust. This I understand.,Pode confiar. Disso eu entendo."
"Why was he naked?,Por que ele estava nu?"
"He ran through the forest taking off his clothes.,Ele correu pela floresta tirando a roupa."
"Excited to mutilate the alpaca.,Excitado por mutilar a alpaca."
"If it's on. - If.,Se estiver ligado. - Se."
"No hasty conclusions. - Of course.,Sem conclusões precipitadas. - Claro."
"Two bizarre events happening within a kilometer of each other.,Dois eventos bizarros acontecendo a um quilômetro um do outro."
"What would it be?,O que seria?"
"Let's see who he is. See if anyone is missing.,Vamos ver quem ele é. Ver se há alguém desaparecido."
"Someone is worried that he didn't go home yesterday.,Alguém está preocupado por ele não ter ido para casa ontem."
"I'll take it.,Eu levo."
"My dear. - What I wanted. Thanks.,Minha querida. - O que eu queria. Obrigada."
"To the new Johanna. - A toast.,À nova Johanna. - Um brinde."
"A toast.,Um brinde."
"No regrets?,Sem arrependimentos?"
"Not yet.,Ainda não."
"I won't miss the snoring.,Não vou sentir falta dos roncos."
"Even in the guest room, it feels like a thousand decibels.,""Mesmo no quarto de hóspedes, parecem mil decibéis."""
"Look at you.,Olha só você."
"What?,O quê?"
"""It feels like a thousand decibels."" It sounds like that kid talking.,""""""Parecem mil decibéis."""" Parece aquele moleque falando."""
"Another good reason to retire.,Outro bom motivo para me aposentar."
"Let's travel.,Vamos viajar."
"Come on. You will be without a job.,Vamos. Você vai ficar sem emprego."
"You will no longer be married.,Vai deixar de ser casada."
"We always wanted to travel.,Sempre quisemos viajar."
"And the restaurant?,E o restaurante?"
"I ask you to take care. - Your two dogs.,Peço para que cuidem. - Seus dois cachorros."
"My husband can take care of them.,Meu marido pode cuidar deles."
"Geez.,Poxa."
"Both of us. Thelma and Louise across the United States.,Nós duas. Thelma e Louise pelos Estados Unidos."
"We just buy the tickets and that's it.,É só comprarmos as passagens e pronto."
"I'm in shit, Thelma.,""""""Estou na merda, Thelma."""
"In shit and in Arkansas."",""Na merda e no Arkansas."""""""
"Look...,Olha..."
"you were right about yesterday.,você estava certo sobre ontem."
"You deserve to know everything.,Você merece saber tudo."
"And I want to explain.,E eu quero explicar."
"But not like this, Adam.,""Mas não assim, Adam."""
"Not angry.,Não com raiva."
"There's the school awards tomorrow.,Tem a premiação da escola amanhã."
"Why don't we go eat at Juniper Yard later?,Por que não vamos comer depois no Juniper Yard?"
"We can eat and talk,,""Podemos comer e conversar,"""
"and there...,e aí..."
"Let's see what happens.,vamos ver no que dá a situação."
"Do you know what the worst part of this is?,Sabe qual é a pior parte disso?"
"I don't trust you anymore.,Não confio mais em você."
"I know.,Eu sei."
"It hurts, doesn't it?,""Dói, não é?"""
"We all have secrets, Adam.,""Todos temos segredos, Adam."""
"Even you.,Até você."
"CEDARFIELD POLICE,POLÍCIA DE CEDARFIELD"
"His name is Dante Gunnarsson. The parents reported him missing.,Se chama Dante Gunnarsson. Os pais informaram o desaparecimento."
"He spends a lot of time outside, they didn't worry so much at first.,""Ele passa muito tempo fora, não se preocuparam tanto no começo."""
"Are you with him? - In the hospital.,Estão com ele? - No hospital."
"It's stable, but no reaction. They're doing an electroencephalogram.,""Está estável, mas sem reação. Estão fazendo um eletroencefalograma."""
"About that...,Enquanto isso..."
"The marks on the animal are from human teeth."",""""""As marcas no animal são de dentes humanos."""""""
"But...,Mas..."
"The human bite is generally elliptical."",""""""A mordida humana geralmente é elíptica."""""""
"However, in this case, the pattern is interrupted,""Porém, neste caso, o padrão é interrompido"""
"due to the absence of a left premolar."",""""""pela ausência de um pré-molar esquerdo."""""""
"I called the hospital.,Liguei pro hospital."
"He has all his teeth.,Ele tem todos os dentes."
"So it was someone else.,Então era outra pessoa."
"It's someone else.,É outra pessoa."
"CEDARFIELD COLLEGE AWARDS NIGHT,NOITE DE PRÊMIOS DO COLÉGIO CEDARFIELD"
"Vicky.,Vicky."
"Hi Bob.,""Oi, Bob."""
"Have you seen Corinne?,Você viu Corinne?"
"I didn't see it.,Não vi."
"Vicky, can I talk to you?,""Vicky, posso falar com você?"""
"It shouldn't be a big deal, but I wanted to ask.,""Não deve ser nada demais, mas eu queria perguntar."""
"Ella stopped talking to Mia.,A Ella parou de falar com Mia."
"And Mia said something happened,,""E Mia disse que aconteceu algo,"""
"but she doesn't say what it is.,mas ela não diz o que é."
"Do you know what's happening?,Sabe o que está acontecendo?"
"I don't know anything.,Não sei de nada."
"There's something strange. I thought you should know.,Tem algo estranho. Achei que você deveria saber."
"She's a little sad,,""Ela está um pouco triste,"""
"But it shouldn't be a big deal.,mas não deve ser nada demais."
"This is Corinne. Leave a message.,Aqui é Corinne. Deixe um recado."
"Unfortunately, I will begin this night of celebration with difficult news.,""Infelizmente, começarei esta noite de comemoração com notícias difíceis."""
"A senior student of ours, Dante Gunnarsson,,""Um aluno nosso do último ano, Dante Gunnarsson,"""
"was involved in a serious accident.,se envolveu em um acidente grave."
"His condition is very worrying.,O quadro dele é muito preocupante."
"I know you will join me in wishing him and his family,Sei que se juntarão a mim pra desejar a ele e sua família"
"All the best in your recovery.,tudo de melhor em sua recuperação."
"But in difficult times, we have to move on,,""Mas, nas horas difíceis, temos que seguir em frente,"""
"and tonight is for celebrating,e esta noite é para comemorar"
"student achievements,as conquistas dos alunos"
"or your overcoming in your last year of high school.,ou suas superações em seu último ano do ensino médio."
"And the art prize goes to Kiran Penvell.,E o prêmio de arte vai para Kiran Penvell."
"ART AWARD,PRÊMIO DE ARTE"
"Peter Harris.,Peter Harris."
"Michelle Vosler.,Michelle Vosler."
"And the long-awaited prize,,""E o tão esperado prêmio,"""
"the most visible underwear...,o de roupa íntima mais visível..."
"No, seriously.,""Não, sério."""
"The best sportsman award goes to Anthony Carter.,O prêmio de melhor esportista vai para Anthony Carter."
"Good!,Boa!"
"SPORTS AWARD,PRÊMIO DE ESPORTES"
"Tonight's final prize is what we, the students, will award.,""O prêmio final desta noite é o que nós, alunos, concederemos."""
"The best teacher of the year award.,O prêmio de melhor professor do ano."
"And they asked me to say,E me pediram que eu dissesse"
"that the competition was fierce, since everyone is so good.,""que a disputa foi acirrada, já que todos são tão bons."""
"Unfortunately, there can only be one winner.,""Infelizmente, só pode haver um vencedor."""
"And that person is...,E essa pessoa é..."
"Mrs. Price.,A Sra. Price."
"Hey.,Oi."
"I'm not Mrs. Price, of course.,""Não sou a Sra. Price, claro."""
"Corinne couldn't be here today.,Corinne não pôde estar aqui hoje."
"She...,Ela..."
"not well.,não está bem."
"But I want to tell you how much it matters to her.,Mas quero dizer o quanto isso importa para ela."
"She...,Ela..."
"loves this work. It's her life and...,ama esse trabalho. É a vida dela e..."
"She has always enjoyed the work she does,,""Ela sempre gostou do trabalho que faz,"""
"bringing literature to life and...,dando vida à literatura e..."
"encouraging you to fall in love...,encorajando vocês a se apaixonarem..."
"through language, through words.,""pela linguagem, pelas palavras."""
"And like her husband, her passion and...,""E como seu marido, a paixão dela e..."""
"the belief in what she does,a crença no que ela faz"
"It's something that I...,é algo que eu..."
"I always admired it a lot.,sempre admirei muito."
"But I'll give it to her,Mas eu vou dar isso a ela"
"and she will be able to speak herself when she feels better.,e ela mesma poderá falar quando se sentir melhor."
"Thanks.,Obrigado."
"TEACHER OF THE YEAR - MRS. PRICE,PROFESSORA DO ANO - SRA. PRICE"
"Will she be home?,Ela vai estar em casa?"
